retention_ratio,n_samples,avg_token_keep_ratio,avg_relative_flops,avg_vqa_acc_unpruned,avg_vqa_acc_papit,avg_vqa_acc_random,avg_latency_unpruned_sec,avg_latency_papit_sec,avg_latency_random_sec,avg_papit_patch_recall,avg_random_patch_recall
0.25,300,0.25,0.09604058426645165,0.44777777777777783,0.26555555555555554,0.29,0.30783590630608765,0.2621956978740248,0.18675725612284927,0.40809423072533973,0.33893276895695956
0.5,300,0.5,0.29153099449825964,0.44777777777777783,0.2922222222222222,0.36,0.30783590630608765,0.2641781301209509,0.23098823877284302,0.563246525393602,0.5607109625598193
0.75,300,0.75,0.5928507997427757,0.44777777777777783,0.32666666666666666,0.4055555555555555,0.30783590630608765,0.30973954589717323,0.2805816880763935,0.7763506351713961,0.779513350944046
