retention_ratio,n_samples,avg_token_keep_ratio,avg_relative_flops,avg_vqa_acc_unpruned,avg_vqa_acc_papit,avg_vqa_acc_random,avg_latency_unpruned_sec,avg_latency_papit_sec,avg_latency_random_sec,avg_vqa_acc_ocr
0.25,300,0.25,0.09604058426645165,0.7133333333333334,0.6533333333333333,0.6433333333333333,0.25171766764004133,0.1854536922497937,0.1374971770434301,
0.5,300,0.5,0.29153099449825964,0.7133333333333334,0.69,0.6833333333333333,0.25171766764004133,0.22946197991335793,0.17954952064657845,
0.75,300,0.75,0.5928507997427757,0.7133333333333334,0.71,0.6933333333333334,0.25171766764004133,0.2735605598164572,0.22483452401330092,
