retention_ratio,n_samples,avg_token_keep_ratio,avg_relative_flops,avg_vqa_acc_unpruned,avg_vqa_acc_papit,avg_vqa_acc_random,avg_latency_unpruned_sec,avg_latency_papit_sec,avg_latency_random_sec,avg_vqa_acc_ocr
0.25,300,0.25,0.09604058426645165,0.4955555555555555,0.3244444444444444,0.3377777777777778,0.31235524210996424,0.2360139500165921,0.18334487474998848,0.3244444444444444
0.5,300,0.5,0.29153099449825964,0.4955555555555555,0.38666666666666666,0.3844444444444444,0.31235524210996424,0.2791486235533375,0.22922366537660613,0.38666666666666666
0.75,300,0.75,0.5928507997427757,0.4955555555555555,0.41888888888888887,0.43111111111111117,0.31235524210996424,0.3269014523466467,0.2794938210033433,0.41888888888888887
