retention_ratio,n_samples,avg_token_keep_ratio,avg_relative_flops,avg_vqa_acc_unpruned,avg_vqa_acc_papit,avg_vqa_acc_random,avg_latency_unpruned_sec,avg_latency_papit_sec,avg_latency_random_sec,avg_vqa_acc_ocr
0.25,700,0.25,0.09604058426645165,0.72,0.65,0.66,0.2494714742256214,0.1853315913486014,0.1364920330541593,
0.5,700,0.5,0.29153099449825964,0.72,0.6914285714285714,0.69,0.2494714742256214,0.22829187729993594,0.1787679902142658,
0.75,700,0.75,0.5928507997427757,0.72,0.6971428571428572,0.7014285714285714,0.2494714742256214,0.273311527379987,0.2242621269742397,
