retention_ratio,n_samples,avg_token_keep_ratio,avg_relative_flops,avg_vqa_acc_unpruned,avg_vqa_acc_papit,avg_vqa_acc_random,avg_latency_unpruned_sec,avg_latency_papit_sec,avg_latency_random_sec,avg_vqa_acc_ocr
0.25,700,0.25,0.09604058426645165,0.7652380952380952,0.7085714285714285,0.7190476190476189,0.26179557735427805,0.1963775639842879,0.14652961472713547,
0.5,700,0.5,0.29153099449825964,0.7652380952380952,0.7447619047619046,0.7457142857142857,0.26179557735427805,0.2381022667214295,0.18817196218572202,
0.75,700,0.75,0.5928507997427757,0.7652380952380952,0.7480952380952383,0.758095238095238,0.26179557735427805,0.28394361817855884,0.23452168395141987,
