retention_ratio,n_samples,avg_token_keep_ratio,avg_relative_flops,avg_vqa_acc_unpruned,avg_vqa_acc_papit,avg_vqa_acc_random,avg_latency_unpruned_sec,avg_latency_papit_sec,avg_latency_random_sec
0.25,300,0.25,0.09604058426645165,0.7633333333333333,0.7,0.7077777777777777,0.26437469762720867,0.21675952230977905,0.1464393761798662
0.5,300,0.5,0.29153099449825964,0.7633333333333333,0.7111111111111111,0.721111111111111,0.26437469762720867,0.2167121965654466,0.18733398448695274
0.75,300,0.75,0.5928507997427757,0.7633333333333333,0.7333333333333333,0.7344444444444443,0.26437469762720867,0.26139323063699216,0.23384805703972233
