retention_ratio,n_samples,avg_token_keep_ratio,avg_relative_flops,avg_vqa_acc_unpruned,avg_vqa_acc_papit,avg_vqa_acc_random,avg_latency_unpruned_sec,avg_latency_papit_sec,avg_latency_random_sec,avg_vqa_acc_ocr
0.25,300,0.25,0.09604058426645165,0.7133333333333334,0.6566666666666666,0.65,0.25150271155665904,0.18557939546999022,0.1372541826166768,
0.5,300,0.5,0.29153099449825964,0.7133333333333334,0.53,0.6866666666666666,0.25150271155665904,0.18562678954999987,0.17920101263001925,
0.75,300,0.75,0.5928507997427757,0.7133333333333334,0.58,0.6933333333333334,0.25150271155665904,0.23349891509999754,0.22473796791332765,
