retention_ratio,n_samples,avg_token_keep_ratio,avg_relative_flops,avg_vqa_acc_unpruned,avg_vqa_acc_papit,avg_vqa_acc_random,avg_latency_unpruned_sec,avg_latency_papit_sec,avg_latency_random_sec,avg_vqa_acc_ocr
0.25,300,0.25,0.09604058426645165,0.4955555555555555,0.18,0.3377777777777778,0.31372835977672364,0.19116193762320716,0.1836151702464849,0.18
0.5,300,0.5,0.29153099449825964,0.4955555555555555,0.24888888888888885,0.3844444444444444,0.31372835977672364,0.23612178602304387,0.22957728496012958,0.24888888888888885
0.75,300,0.75,0.5928507997427757,0.4955555555555555,0.3333333333333333,0.43111111111111117,0.31372835977672364,0.2810638383565917,0.2809818190701723,0.3333333333333333
