retention_ratio,n_samples,avg_token_keep_ratio,avg_relative_flops,avg_vqa_acc_unpruned,avg_vqa_acc_papit,avg_vqa_acc_random,avg_latency_unpruned_sec,avg_latency_papit_sec,avg_latency_random_sec,avg_vqa_acc_ocr
0.25,300,0.25,0.09604058426645165,0.7655555555555555,0.65,0.71,0.26281398201979755,0.1546775358804977,0.14603013656975236,
0.5,300,0.5,0.29153099449825964,0.7655555555555555,0.7077777777777777,0.7277777777777777,0.26281398201979755,0.19519707170324788,0.1883802148033525,
0.75,300,0.75,0.5928507997427757,0.7655555555555555,0.7222222222222222,0.7333333333333333,0.26281398201979755,0.2453935375133248,0.23465087955334943,
