retention_ratio,n_samples,avg_token_keep_ratio,avg_relative_flops,avg_vqa_acc_unpruned,avg_vqa_acc_papit,avg_vqa_acc_random,avg_latency_unpruned_sec,avg_latency_papit_sec,avg_latency_random_sec
0.25,300,0.25,0.09604058426645165,0.7133333333333334,0.6266666666666667,0.6433333333333333,0.25321984212331394,0.20555143759353087,0.1382197749472107
0.5,300,0.5,0.29153099449825964,0.7133333333333334,0.66,0.6866666666666666,0.25321984212331394,0.24600332980044187,0.18098073831371342
0.75,300,0.75,0.5928507997427757,0.7133333333333334,0.6666666666666666,0.6933333333333334,0.25321984212331394,0.29152613534320454,0.22420749710368304
