retention_ratio,n_samples,avg_token_keep_ratio,avg_relative_flops,avg_vqa_acc_unpruned,avg_vqa_acc_papit,avg_vqa_acc_random,avg_latency_unpruned_sec,avg_latency_papit_sec,avg_latency_random_sec
0.25,300,0.25,0.09604058426645165,0.7133333333333334,0.5833333333333334,0.6433333333333333,0.25343460069125284,0.16552834771030273,0.13706161593814614
0.5,300,0.5,0.29153099449825964,0.7133333333333334,0.6833333333333333,0.6866666666666666,0.25343460069125284,0.20631675648415693,0.1790020568591232
0.75,300,0.75,0.5928507997427757,0.7133333333333334,0.7,0.6933333333333334,0.25343460069125284,0.25106216054788094,0.22427738206693903
