retention_ratio,n_samples,avg_token_keep_ratio,avg_relative_flops,avg_vqa_acc_unpruned,avg_vqa_acc_papit,avg_vqa_acc_random,avg_latency_unpruned_sec,avg_latency_papit_sec,avg_latency_random_sec,avg_vqa_acc_ocr
0.25,300,0.25,0.09604058426645165,0.7133333333333334,0.5866666666666667,0.65,0.2515914872633342,0.14413714221678675,0.1372508757633477,
0.5,300,0.5,0.29153099449825964,0.7133333333333334,0.64,0.6866666666666666,0.2515914872633342,0.18556934460330618,0.17925556778985385,
0.75,300,0.75,0.5928507997427757,0.7133333333333334,0.69,0.6933333333333334,0.2515914872633342,0.23199328990691961,0.22636191214015222,
