retention_ratio,n_samples,avg_token_keep_ratio,avg_relative_flops,avg_vqa_acc_unpruned,avg_vqa_acc_papit,avg_vqa_acc_random,avg_latency_unpruned_sec,avg_latency_papit_sec,avg_latency_random_sec,avg_vqa_acc_ocr
0.25,700,0.25,0.09604058426645165,0.7652380952380952,0.7085714285714285,0.7190476190476189,0.26195002729577804,0.1971997627585058,0.14671998899436273,
0.5,700,0.5,0.29153099449825964,0.7652380952380952,0.7447619047619046,0.7457142857142857,0.26195002729577804,0.23907568117002354,0.18852957999012038,
0.75,700,0.75,0.5928507997427757,0.7652380952380952,0.7480952380952383,0.758095238095238,0.26195002729577804,0.28498613858282623,0.23492407733561516,
