retention_ratio,n_samples,avg_token_keep_ratio,avg_relative_flops,avg_vqa_acc_unpruned,avg_vqa_acc_papit,avg_vqa_acc_random,avg_latency_unpruned_sec,avg_latency_papit_sec,avg_latency_random_sec,avg_vqa_acc_ocr
0.25,300,0.25,0.09604058426645165,0.7655555555555555,0.72,0.71,0.2625733485598539,0.19574151648995516,0.14593446607666313,
0.5,300,0.5,0.29153099449825964,0.7655555555555555,0.7466666666666667,0.7277777777777777,0.2625733485598539,0.24083010892661452,0.18817528896665559,
0.75,300,0.75,0.5928507997427757,0.7655555555555555,0.7433333333333333,0.7333333333333333,0.2625733485598539,0.2849502703467442,0.23442506634663005,
