retention_ratio,n_samples,avg_token_keep_ratio,avg_relative_flops,avg_vqa_acc_unpruned,avg_vqa_acc_papit,avg_vqa_acc_random,avg_latency_unpruned_sec,avg_latency_papit_sec,avg_latency_random_sec,avg_vqa_acc_ocr
0.25,300,0.25,0.09604058426645165,0.7655555555555555,0.72,0.71,0.26365779852333315,0.19595309997666846,0.1458952817399874,
0.5,300,0.5,0.29153099449825964,0.7655555555555555,0.5666666666666667,0.7277777777777777,0.26365779852333315,0.1932274936966678,0.18811733684666176,
0.75,300,0.75,0.5928507997427757,0.7655555555555555,0.6166666666666667,0.7333333333333333,0.26365779852333315,0.2424837519099818,0.2343762558466665,
