retention_ratio,n_samples,avg_token_keep_ratio,avg_relative_flops,avg_vqa_acc_unpruned,avg_vqa_acc_papit,avg_vqa_acc_random,avg_latency_unpruned_sec,avg_latency_papit_sec,avg_latency_random_sec,avg_vqa_acc_ocr
0.25,700,0.25,0.09604058426645165,0.72,0.6257142857142857,0.6628571428571428,0.2503841077171429,0.20558542029570942,0.1358839814100299,
0.5,700,0.5,0.29153099449825964,0.72,0.6742857142857143,0.6928571428571428,0.2503841077171429,0.20741776231573178,0.17790751698714302,
0.75,700,0.75,0.5928507997427757,0.72,0.69,0.6985714285714286,0.2503841077171429,0.2520843013757544,0.22336969838580054,
