retention_ratio,n_samples,avg_token_keep_ratio,avg_relative_flops,avg_vqa_acc_unpruned,avg_vqa_acc_papit,avg_vqa_acc_random,avg_latency_unpruned_sec,avg_latency_papit_sec,avg_latency_random_sec,avg_vqa_acc_ocr
0.25,700,0.25,0.09604058426645165,0.49047619047619045,0.3171428571428571,0.32285714285714284,0.3119541397771211,0.263221458101425,0.18727353061286522,
0.5,700,0.5,0.29153099449825964,0.49047619047619045,0.3109523809523809,0.39809523809523806,0.3119541397771211,0.2626757180142873,0.23055975139856724,
0.75,700,0.75,0.5928507997427757,0.49047619047619045,0.3719047619047619,0.4204761904761905,0.3119541397771211,0.31102089670568733,0.2792990588728441,
