retention_ratio,n_samples,avg_token_keep_ratio,avg_relative_flops,avg_vqa_acc_unpruned,avg_vqa_acc_papit,avg_vqa_acc_random,avg_latency_unpruned_sec,avg_latency_papit_sec,avg_latency_random_sec,avg_vqa_acc_ocr
0.25,700,0.25,0.09604058426645165,0.72,0.6285714285714286,0.6585714285714286,0.2508281151342953,0.20580293435857455,0.1358769405600086,
0.5,700,0.5,0.29153099449825964,0.72,0.6742857142857143,0.6914285714285714,0.2508281151342953,0.20671101749143483,0.1780708241314213,
0.75,700,0.75,0.5928507997427757,0.72,0.6857142857142857,0.7014285714285714,0.2508281151342953,0.2529354125100066,0.2234241867771477,
