retention_ratio,n_samples,avg_token_keep_ratio,avg_relative_flops,avg_vqa_acc_unpruned,avg_vqa_acc_papit,avg_vqa_acc_random,avg_latency_unpruned_sec,avg_latency_papit_sec,avg_latency_random_sec
0.25,300,0.25,0.09604058426645165,0.0,0.043333333333333335,0.043333333333333335,0.7028911889600326,0.5713577333107241,0.5459592378768139
0.5,300,0.5,0.29153099449825964,0.0,0.03666666666666667,0.04666666666666667,0.7028911889600326,0.6188751999032441,0.5919745019499775
0.75,300,0.75,0.5928507997427757,0.0,0.04,0.04666666666666667,0.7028911889600326,0.675456676093357,0.6418352685500334
