retention_ratio,n_samples,avg_token_keep_ratio,avg_relative_flops,avg_vqa_acc_unpruned,avg_vqa_acc_papit,avg_vqa_acc_random,avg_latency_unpruned_sec,avg_latency_papit_sec,avg_latency_random_sec
0.25,300,0.25,0.09604058426645165,0.7133333333333334,0.5033333333333333,0.6433333333333333,0.2544907588567973,0.1523677222798627,0.13656676829334174
0.5,300,0.5,0.29153099449825964,0.7133333333333334,0.5233333333333333,0.6866666666666666,0.2544907588567973,0.19287415313983122,0.17833206763323686
0.75,300,0.75,0.5928507997427757,0.7133333333333334,0.5833333333333334,0.6933333333333334,0.2544907588567973,0.23835763833340023,0.2235852827601775
