retention_ratio,n_samples,avg_token_keep_ratio,avg_relative_flops,avg_vqa_acc_unpruned,avg_vqa_acc_papit,avg_vqa_acc_random,avg_latency_unpruned_sec,avg_latency_papit_sec,avg_latency_random_sec,avg_vqa_acc_ocr
0.25,300,0.25,0.09604058426645165,0.7133333333333334,0.6566666666666666,0.65,0.25163969174334244,0.18588683381002435,0.13732358024003286,
0.5,300,0.5,0.29153099449825964,0.7133333333333334,0.6966666666666667,0.6866666666666666,0.25163969174334244,0.2291243837301833,0.17911031585331028,
0.75,300,0.75,0.5928507997427757,0.7133333333333334,0.7033333333333334,0.6933333333333334,0.25163969174334244,0.27343036234010165,0.22469179097664893,
