retention_ratio,n_samples,avg_token_keep_ratio,avg_relative_flops,avg_vqa_acc_unpruned,avg_vqa_acc_papit,avg_vqa_acc_random,avg_latency_unpruned_sec,avg_latency_papit_sec,avg_latency_random_sec,avg_vqa_acc_ocr
0.25,300,0.25,0.09604058426645165,0.7133333333333334,0.6533333333333333,0.6433333333333333,0.2508056248566936,0.18502338586998424,0.13729502367681562,
0.5,300,0.5,0.29153099449825964,0.7133333333333334,0.6833333333333333,0.6866666666666666,0.2508056248566936,0.22908531758991255,0.1793308529866772,
0.75,300,0.75,0.5928507997427757,0.7133333333333334,0.7066666666666667,0.6933333333333334,0.2508056248566936,0.2733624023267354,0.22465001106019675,
