retention_ratio,n_samples,avg_token_keep_ratio,avg_relative_flops,avg_vqa_acc_unpruned,avg_vqa_acc_papit,avg_vqa_acc_random,avg_latency_unpruned_sec,avg_latency_papit_sec,avg_latency_random_sec,avg_vqa_acc_ocr
0.25,700,0.25,0.09604058426645165,0.72,0.6271428571428571,0.66,0.2490405472900446,0.20545035081143267,0.1364162567328406,
0.5,700,0.5,0.29153099449825964,0.72,0.6728571428571428,0.69,0.2490405472900446,0.20656410417281482,0.1782216229928755,
0.75,700,0.75,0.5928507997427757,0.72,0.6871428571428572,0.7014285714285714,0.2490405472900446,0.25350727195141837,0.22364642280425479,
