retention_ratio,n_samples,avg_token_keep_ratio,avg_relative_flops,avg_vqa_acc_unpruned,avg_vqa_acc_papit,avg_vqa_acc_random,avg_latency_unpruned_sec,avg_latency_papit_sec,avg_latency_random_sec,avg_vqa_acc_ocr
0.25,700,0.25,0.09604058426645165,0.7652380952380952,0.6938095238095238,0.7190476190476189,0.26159988009427254,0.2162804792671542,0.14720551920999436,
0.5,700,0.5,0.29153099449825964,0.7652380952380952,0.720952380952381,0.7457142857142857,0.26159988009427254,0.2193442404000169,0.18874357670142672,
0.75,700,0.75,0.5928507997427757,0.7652380952380952,0.7357142857142858,0.758095238095238,0.26159988009427254,0.263918948621427,0.23441544759430014,
