retention_ratio,n_samples,avg_token_keep_ratio,avg_relative_flops,avg_vqa_acc_unpruned,avg_vqa_acc_papit,avg_vqa_acc_random,avg_latency_unpruned_sec,avg_latency_papit_sec,avg_latency_random_sec,avg_vqa_acc_ocr
0.25,700,0.25,0.09604058426645165,0.49047619047619045,0.3171428571428571,0.32285714285714284,0.3122991198314204,0.2625179141814533,0.1869884983414678,0.3171428571428571
0.5,700,0.5,0.29153099449825964,0.49047619047619045,0.3109523809523809,0.39809523809523806,0.3122991198314204,0.26314233037570506,0.23059555116713196,0.3109523809523809
0.75,700,0.75,0.5928507997427757,0.49047619047619045,0.3719047619047619,0.4204761904761905,0.3122991198314204,0.31160605245287376,0.27894801172715755,0.3719047619047619
