retention_ratio,n_samples,avg_token_keep_ratio,avg_relative_flops,avg_vqa_acc_unpruned,avg_vqa_acc_papit,avg_vqa_acc_random,avg_latency_unpruned_sec,avg_latency_papit_sec,avg_latency_random_sec,avg_vqa_acc_ocr
0.25,300,0.25,0.09604058426645165,0.7133333333333334,0.5833333333333334,0.6433333333333333,0.2515083938363872,0.14416547778016442,0.13725853144322173,
0.5,300,0.5,0.29153099449825964,0.7133333333333334,0.6433333333333333,0.6866666666666666,0.2515083938363872,0.1856853413999488,0.17944736331344757,
0.75,300,0.75,0.5928507997427757,0.7133333333333334,0.6833333333333333,0.6933333333333334,0.2515083938363872,0.23205030171974309,0.22640937179327011,
