retention_ratio,n_samples,avg_token_keep_ratio,avg_relative_flops,avg_vqa_acc_unpruned,avg_vqa_acc_papit,avg_vqa_acc_random,avg_latency_unpruned_sec,avg_latency_papit_sec,avg_latency_random_sec,avg_vqa_acc_ocr
0.25,300,0.25,0.09604058426645165,0.4955555555555555,0.3244444444444444,0.3377777777777778,0.31604706030002033,0.23536031616667819,0.1837435198566542,0.3244444444444444
0.5,300,0.5,0.29153099449825964,0.4955555555555555,0.16777777777777778,0.3844444444444444,0.31604706030002033,0.22214671628332325,0.22956246023999938,0.16777777777777778
0.75,300,0.75,0.5928507997427757,0.4955555555555555,0.25,0.43111111111111117,0.31604706030002033,0.273700330833326,0.2808582284599925,0.25
