retention_ratio,n_samples,avg_token_keep_ratio,avg_relative_flops,avg_vqa_acc_unpruned,avg_vqa_acc_papit,avg_vqa_acc_random,avg_latency_unpruned_sec,avg_latency_papit_sec,avg_latency_random_sec,avg_vqa_acc_ocr
0.25,300,0.25,0.09604058426645165,0.7133333333333334,0.6533333333333333,0.6433333333333333,0.25149786995000495,0.18535005268666585,0.1374325080733418,
0.5,300,0.5,0.29153099449825964,0.7133333333333334,0.5366666666666666,0.6833333333333333,0.25149786995000495,0.18563853590001145,0.17951454039667472,
0.75,300,0.75,0.5928507997427757,0.7133333333333334,0.5833333333333334,0.6933333333333334,0.25149786995000495,0.23362585280666887,0.2248840581433266,
