retention_ratio,n_samples,avg_token_keep_ratio,avg_relative_flops,avg_vqa_acc_unpruned,avg_vqa_acc_papit,avg_vqa_acc_random,avg_latency_unpruned_sec,avg_latency_papit_sec,avg_latency_random_sec,avg_papit_patch_recall,avg_random_patch_recall
0.25,300,0.25,0.09604058426645165,0.44777777777777783,0.0911111111111111,0.29,0.30781627191002675,0.19619707122008548,0.18596780698314735,0.24548854507202794,0.33893276895695956
0.5,300,0.5,0.29153099449825964,0.44777777777777783,0.12555555555555556,0.36,0.30781627191002675,0.23862131430008351,0.23143244383980346,0.3898204710654178,0.5607109625598193
0.75,300,0.75,0.5928507997427757,0.44777777777777783,0.24555555555555558,0.4055555555555555,0.30781627191002675,0.2856465526133494,0.2820182839334787,0.5991040584104844,0.779513350944046
