retention_ratio,n_samples,avg_token_keep_ratio,avg_relative_flops,avg_vqa_acc_unpruned,avg_vqa_acc_papit,avg_vqa_acc_random,avg_latency_unpruned_sec,avg_latency_papit_sec,avg_latency_random_sec,avg_papit_patch_recall,avg_random_patch_recall
0.25,300,0.25,0.09604058426645165,0.0,0.0,0.0033333333333333335,0.7495029313698615,0.678733890866885,0.6402213065465427,1.0,1.0
0.5,300,0.5,0.29153099449825964,0.0,0.0,0.006666666666666667,0.7495029313698615,0.6978536223702395,0.6649285896198853,1.0,1.0
0.75,300,0.75,0.5928507997427757,0.0,0.0033333333333333335,0.0,0.7495029313698615,0.7574112174366261,0.7271720765233961,1.0,1.0
