retention_ratio,n_samples,avg_token_keep_ratio,avg_relative_flops,avg_vqa_acc_unpruned,avg_vqa_acc_papit,avg_vqa_acc_random,avg_latency_unpruned_sec,avg_latency_papit_sec,avg_latency_random_sec,avg_vqa_acc_ocr
0.25,300,0.25,0.09604058426645165,0.7133333333333334,0.6533333333333333,0.6433333333333333,0.25231576837000225,0.18606860649667017,0.13725561651667287,
0.5,300,0.5,0.29153099449825964,0.7133333333333334,0.5366666666666666,0.6866666666666666,0.25231576837000225,0.18522312463666935,0.17933643645666583,
0.75,300,0.75,0.5928507997427757,0.7133333333333334,0.5866666666666667,0.6933333333333334,0.25231576837000225,0.23346968922333228,0.22468689554333043,
