retention_ratio,n_samples,avg_token_keep_ratio,avg_relative_flops,avg_vqa_acc_unpruned,avg_vqa_acc_papit,avg_vqa_acc_random,avg_latency_unpruned_sec,avg_latency_papit_sec,avg_latency_random_sec,avg_vqa_acc_ocr
0.25,300,0.25,0.09604058426645165,0.7133333333333334,0.59,0.6433333333333333,0.25170748325021125,0.14465059356647544,0.13755064749978677,
0.5,300,0.5,0.29153099449825964,0.7133333333333334,0.6433333333333333,0.6833333333333333,0.25170748325021125,0.1860099165968859,0.17982121671676093,
0.75,300,0.75,0.5928507997427757,0.7133333333333334,0.6833333333333333,0.6933333333333334,0.25170748325021125,0.2324264130665203,0.22671028076632257,
