retention_ratio,n_samples,avg_token_keep_ratio,avg_relative_flops,avg_vqa_acc_unpruned,avg_vqa_acc_papit,avg_vqa_acc_random,avg_latency_unpruned_sec,avg_latency_papit_sec,avg_latency_random_sec
0.25,300,0.25,0.09604058426645165,0.0,0.0,0.0,0.7722189502865028,0.6442782389169588,0.6430634899736227
0.5,300,0.5,0.29153099449825964,0.0,0.0,0.0,0.7722189502865028,0.7216903366201829,0.6965847237733397
0.75,300,0.75,0.5928507997427757,0.0,0.0,0.0,0.7722189502865028,0.773314970393185,0.744001450403351
