retention_ratio,n_samples,avg_token_keep_ratio,avg_relative_flops,avg_vqa_acc_unpruned,avg_vqa_acc_papit,avg_vqa_acc_random,avg_latency_unpruned_sec,avg_latency_papit_sec,avg_latency_random_sec
0.25,300,0.25,0.09604058426645165,0.7633333333333333,0.508888888888889,0.7077777777777777,0.25884819437024514,0.16051824158979192,0.14671214698986054
0.5,300,0.5,0.29153099449825964,0.7633333333333333,0.561111111111111,0.721111111111111,0.25884819437024514,0.20036819430647787,0.18708187589674102
0.75,300,0.75,0.5928507997427757,0.7633333333333333,0.6144444444444443,0.7344444444444443,0.25884819437024514,0.2476830884302035,0.23354810465005962
