retention_ratio,n_samples,avg_token_keep_ratio,avg_relative_flops,avg_vqa_acc_unpruned,avg_vqa_acc_papit,avg_vqa_acc_random,avg_latency_unpruned_sec,avg_latency_papit_sec,avg_latency_random_sec,avg_vqa_acc_ocr
0.25,700,0.25,0.09604058426645165,0.72,0.65,0.6628571428571428,0.2498105379214264,0.1845426536514164,0.1359099492214357,
0.5,700,0.5,0.29153099449825964,0.72,0.6928571428571428,0.6928571428571428,0.2498105379214264,0.22674061783279414,0.17783815683143725,
0.75,700,0.75,0.5928507997427757,0.72,0.7,0.6985714285714286,0.2498105379214264,0.27187439048860274,0.22350997374572346,
