retention_ratio,n_samples,avg_token_keep_ratio,avg_relative_flops,avg_vqa_acc_unpruned,avg_vqa_acc_papit,avg_vqa_acc_random,avg_latency_unpruned_sec,avg_latency_papit_sec,avg_latency_random_sec,avg_vqa_acc_ocr
0.25,700,0.25,0.09604058426645165,0.72,0.6514285714285715,0.6585714285714286,0.24978675275713352,0.18470731701428122,0.1358889991457045,
0.5,700,0.5,0.29153099449825964,0.72,0.6871428571428572,0.6914285714285714,0.24978675275713352,0.22707521524569788,0.17803280311429,
0.75,700,0.75,0.5928507997427757,0.72,0.6971428571428572,0.7014285714285714,0.24978675275713352,0.27216095658857287,0.22351290787857253,
