retention_ratio,n_samples,avg_token_keep_ratio,avg_relative_flops,avg_vqa_acc_unpruned,avg_vqa_acc_papit,avg_vqa_acc_random,avg_latency_unpruned_sec,avg_latency_papit_sec,avg_latency_random_sec,avg_vqa_acc_ocr
0.25,700,0.25,0.09604058426645165,0.49047619047619045,0.3161904761904762,0.32285714285714284,0.3125681608085831,0.23882827342001423,0.1868318001514425,
0.5,700,0.5,0.29153099449825964,0.49047619047619045,0.3838095238095238,0.39809523809523806,0.3125681608085831,0.28310069225001044,0.23039551054715177,
0.75,700,0.75,0.5928507997427757,0.49047619047619045,0.42857142857142855,0.4204761904761905,0.3125681608085831,0.32789972869999734,0.2788691302585708,
