retention_ratio,n_samples,avg_token_keep_ratio,avg_relative_flops,avg_vqa_acc_unpruned,avg_vqa_acc_papit,avg_vqa_acc_random,avg_latency_unpruned_sec,avg_latency_papit_sec,avg_latency_random_sec,avg_vqa_acc_ocr
0.25,300,0.25,0.09604058426645165,0.4955555555555555,0.3244444444444444,0.3377777777777778,0.3147534062700167,0.23630657114316514,0.18342732880009863,
0.5,300,0.5,0.29153099449825964,0.4955555555555555,0.38666666666666666,0.3844444444444444,0.3147534062700167,0.2804095867065795,0.22934109177987314,
0.75,300,0.75,0.5928507997427757,0.4955555555555555,0.41888888888888887,0.43111111111111117,0.3147534062700167,0.32705338898008146,0.2796318791767771,
