retention_ratio,n_samples,avg_token_keep_ratio,avg_relative_flops,avg_vqa_acc_unpruned,avg_vqa_acc_papit,avg_vqa_acc_random,avg_latency_unpruned_sec,avg_latency_papit_sec,avg_latency_random_sec,avg_vqa_acc_ocr
0.25,700,0.25,0.09604058426645165,0.72,0.6514285714285715,0.6585714285714286,0.24936269517286355,0.1853855442099822,0.1363966813600512,
0.5,700,0.5,0.29153099449825964,0.72,0.6871428571428572,0.6914285714285714,0.24936269517286355,0.22809988125717479,0.17856898276427924,
0.75,700,0.75,0.5928507997427757,0.72,0.6971428571428572,0.7014285714285714,0.24936269517286355,0.2730904776028443,0.22406580450437363,
